{
  "//": "仅添加组别",
  "type": "minecraft:crafting_shapeless",
  "category": "building",
  "group": "prismarine_bricks",
  "ingredients": [
    {
      "item": "minecraft:prismarine_shard"
    },
    {
      "item": "minecraft:prismarine_shard"
    },
    {
      "item": "minecraft:prismarine_shard"
    },
    {
      "item": "minecraft:prismarine_shard"
    },
    {
      "item": "minecraft:prismarine_shard"
    },
    {
      "item": "minecraft:prismarine_shard"
    },
    {
      "item": "minecraft:prismarine_shard"
    },
    {
      "item": "minecraft:prismarine_shard"
    },
    {
      "item": "minecraft:prismarine_shard"
    }
  ],
  "result": {
    "item": "minecraft:prismarine_bricks"
  }
}