{
  "parent": "rpp:cutting/woodcutting/root",
  "criteria": {
    "has_crimson_hyphae":{
      "trigger": "minecraft:inventory_changed",
      "conditions": {
        "items": [
          {
            "items": [
              "minecraft:crimson_hyphae"
            ]
          }
        ]
      }
    },
    "has_the_recipe":{
      "trigger": "minecraft:recipe_unlocked",
      "conditions": {
        "recipe": "rpp:cutting/woodcutting/stem/crimson/stripping/stripped_crimson_hyphae_from_cutting_crimson_hyphae"
      }
    }
  },
  "requirements": [
    [
      "has_crimson_hyphae",
      "has_the_recipe"
    ]
  ],
  "rewards": {
    "recipes": [
      "rpp:cutting/woodcutting/stem/crimson/stripping/stripped_crimson_hyphae_from_cutting_crimson_hyphae"
    ]
  }
}