{
  "parent": "minecraft:recipes/root",
  "criteria": {
    "has_black_dye": {
      "conditions": {
        "items": [
          {
            "items": [
              "minecraft:black_dye"
            ]
          }
        ]
      },
      "trigger": "minecraft:inventory_changed"
    },
    "has_the_recipe": {
      "conditions": {
        "recipe": "minecraft:black_carpet_from_white_carpet"
      },
      "trigger": "minecraft:recipe_unlocked"
    },
    "has_carpet": {
      "conditions": {
        "items": [
          {
            "tag": "rpp:carpets"
          }
        ]
      },
      "trigger": "minecraft:inventory_changed"
    }
  },
  "requirements": [
    [
      "has_carpet",
      "has_black_dye",
      "has_the_recipe"
    ]
  ],
  "rewards": {
    "recipes": [
      "minecraft:black_carpet_from_white_carpet"
    ]
  }
}