{
  "parent": "minecraft:recipes/root",
  "criteria": {
    "has_bed": {
      "conditions": {
        "items": [
          {
            "tag": "minecraft:beds"
          }
        ]
      },
      "trigger": "minecraft:inventory_changed"
    },
    "has_the_recipe": {
      "conditions": {
        "recipe": "minecraft:blue_bed_from_white_bed"
      },
      "trigger": "minecraft:recipe_unlocked"
    }
  },
  "requirements": [
    [
      "has_bed",
      "has_the_recipe"
    ]
  ],
  "rewards": {
    "recipes": [
      "minecraft:blue_bed_from_white_bed"
    ]
  }
}