{
  "parent": "minecraft:recipes/root",
  "criteria": {
    "has_glass_pane": {
      "conditions": {
        "items": [
          {
            "tag": "rpp:glass_panes"
          }
        ]
      },
      "trigger": "minecraft:inventory_changed"
    },
    "has_brown_dye": {
      "conditions": {
        "items": [
          {
            "items": [
              "minecraft:brown_dye"
            ]
          }
        ]
      },
      "trigger": "minecraft:inventory_changed"
    },
    "has_the_recipe": {
      "conditions": {
        "recipe": "minecraft:brown_stained_glass_pane_from_glass_pane"
      },
      "trigger": "minecraft:recipe_unlocked"
    }
  },
  "requirements": [
    [
      "has_glass_pane",
      "has_brown_dye",
      "has_the_recipe"
    ]
  ],
  "rewards": {
    "recipes": [
      "minecraft:brown_stained_glass_pane_from_glass_pane"
    ]
  }
}