{
  "parent": "rpp:condensation/conversion/root",
  "criteria": {
    "has_soul_lantern":{
      "trigger": "minecraft:inventory_changed",
      "conditions": {
        "items": [
          {
            "items": [
              "minecraft:soul_lantern"
            ]
          }
        ]
      }
    },
    "has_the_recipe":{
      "trigger": "minecraft:recipe_unlocked",
      "conditions": {
        "recipe": "rpp:condensation/conversion/soul_and_not_soul/lantern_and_soul_lantern/lantern_from_soul_lantern"
      }
    }
  },
  "requirements": [
    [
      "has_soul_lantern",
      "has_the_recipe"
    ]
  ],
  "rewards": {
    "recipes": [
      "rpp:condensation/conversion/soul_and_not_soul/lantern_and_soul_lantern/lantern_from_soul_lantern"
    ]
  }
}