{
  "parent": "rpp:cutting/cut_down/root",
  "criteria": {
    "has_gold_ingot":{
      "trigger": "minecraft:inventory_changed",
      "conditions": {
        "items": [
          {
            "items": [
              "minecraft:gold_ingot"
            ]
          }
        ]
      }
    },
    "has_the_recipe":{
      "trigger": "minecraft:recipe_unlocked",
      "conditions": {
        "recipe": "rpp:cutting/cut_down/mineral/gold/raw_gold_from_cutting_gold_ingot"
      }
    }
  },
  "requirements": [
    [
      "has_gold_ingot",
      "has_the_recipe"
    ]
  ],
  "rewards": {
    "recipes": [
      "rpp:cutting/cut_down/mineral/gold/raw_gold_from_cutting_gold_ingot"
    ]
  }
}