{
  "parent": "rpp:cutting/cut_down/root",
  "criteria": {
    "has_gilded_blackstone":{
      "trigger": "minecraft:inventory_changed",
      "conditions": {
        "items": [
          {
            "items": [
              "minecraft:gilded_blackstone"
            ]
          }
        ]
      }
    },
    "has_the_recipe":{
      "trigger": "minecraft:recipe_unlocked",
      "conditions": {
        "recipe": "rpp:cutting/cut_down/gold_nugget_from_cutting_gilded_blackstone"
      }
    }
  },
  "requirements": [
    [
      "has_gilded_blackstone",
      "has_the_recipe"
    ]
  ],
  "rewards": {
    "recipes": [
      "rpp:cutting/cut_down/gold_nugget_from_cutting_gilded_blackstone"
    ]
  }
}