{
  "parent": "rpp:cutting/cut_down/root",
  "criteria": {
    "has_ender_chest":{
      "trigger": "minecraft:inventory_changed",
      "conditions": {
        "items": [
          {
            "items": [
              "minecraft:ender_chest"
            ]
          }
        ]
      }
    },
    "has_the_recipe":{
      "trigger": "minecraft:recipe_unlocked",
      "conditions": {
        "recipe": "rpp:cutting/cut_down/obsidian_from_cutting_ender_chest"
      }
    }
  },
  "requirements": [
    [
      "has_ender_chest",
      "has_the_recipe"
    ]
  ],
  "rewards": {
    "recipes": [
      "rpp:cutting/cut_down/obsidian_from_cutting_ender_chest"
    ]
  }
}