{
  "parent": "rpp:cutting/cut_down/root",
  "criteria": {
    "has_sea_lantern":{
      "trigger": "minecraft:inventory_changed",
      "conditions": {
        "items": [
          {
            "items": [
              "minecraft:sea_lantern"
            ]
          }
        ]
      }
    },
    "has_the_recipe":{
      "trigger": "minecraft:recipe_unlocked",
      "conditions": {
        "recipe": "rpp:cutting/cut_down/prismarine_crystals_from_cutting_sea_lantern"
      }
    }
  },
  "requirements": [
    [
      "has_sea_lantern",
      "has_the_recipe"
    ]
  ],
  "rewards": {
    "recipes": [
      "rpp:cutting/cut_down/prismarine_crystals_from_cutting_sea_lantern"
    ]
  }
}