{
  "parent": "minecraft:recipes/root",
  "criteria": {
    "has_stone_crafting_material": {
      "conditions": {
        "items": [
          {
            "tag": "minecraft:stone_crafting_materials"
          }
        ]
      },
      "trigger": "minecraft:inventory_changed"
    },
    "has_the_recipe": {
      "conditions": {
        "recipe": "minecraft:lever"
      },
      "trigger": "minecraft:recipe_unlocked"
    }
  },
  "requirements": [
    [
      "has_stone_crafting_material",
      "has_the_recipe"
    ]
  ],
  "rewards": {
    "recipes": [
      "minecraft:lever"
    ]
  }
}