{
  "parent": "rpp:cutting/woodcutting/root",
  "criteria": {
    "has_oak_log":{
      "trigger": "minecraft:inventory_changed",
      "conditions": {
        "items": [
          {
            "tag": "minecraft:oak_logs"
          }
        ]
      }
    },
    "has_the_recipe":{
      "trigger": "minecraft:recipe_unlocked",
      "conditions": {
        "recipe": "rpp:cutting/woodcutting/log/oak/from_log/oak_fence_from_cutting_oak_log"
      }
    }
  },
  "requirements": [
    [
      "has_oak_log",
      "has_the_recipe"
    ]
  ],
  "rewards": {
    "recipes": [
      "rpp:cutting/woodcutting/log/oak/from_log/oak_fence_from_cutting_oak_log"
    ]
  }
}