{
  "parent": "rpp:condensation/simplification/root",
  "criteria": {
    "has_redstone": {
    "trigger": "minecraft:inventory_changed",
      "conditions": {
        "items": [
          {
            "items": [
              "minecraft:redstone"
            ]
          }
        ]
      }
    },
    "has_the_recipe": {
      "trigger": "minecraft:recipe_unlocked",
      "conditions": {
        "recipe": "rpp:condensation/simplification/from_log/note_block_from_log"
      }
    }
  },
  "requirements": [
    [
      "has_redstone",
      "has_the_recipe"
    ]
  ],
  "rewards": {
    "recipes": [
      "rpp:condensation/simplification/from_log/note_block_from_log"
    ]
  }
}