{
  "parent": "rpp:condensation/simplification/root",
  "criteria": {
    "has_log": {
      "trigger": "minecraft:inventory_changed",
      "conditions": {
        "items": [
          {
            "tag": "minecraft:logs"
          }
        ]
      }
    },
    "has_the_recipe": {
      "trigger": "minecraft:recipe_unlocked",
      "conditions": {
        "recipe": "rpp:condensation/simplification/from_log/stick_from_log"
      }
    }
  },
  "requirements": [
    [
      "has_log",
      "has_the_recipe"
    ]
  ],
  "rewards": {
    "recipes": [
      "rpp:condensation/simplification/from_log/stick_from_log"
    ]
  }
}