{
  "parent": "rpp:condensation/cost/root",
  "criteria": {
    "has_gold_ingot":{
      "trigger": "minecraft:inventory_changed",
      "conditions": {
        "items": [
          {
            "items": [
              "minecraft:gold_ingot"
            ]
          }
        ]
      }
    },
    "has_the_recipe":{
      "trigger": "minecraft:recipe_unlocked",
      "conditions": {
        "recipe": "rpp:condensation/cost/gold_food/golden_carrot_from_gold_ingot"
      }
    }
  },
  "requirements": [
    [
      "has_gold_ingot",
      "has_the_recipe"
    ]
  ],
  "rewards": {
    "recipes": [
      "rpp:condensation/cost/gold_food/golden_carrot_from_gold_ingot"
    ]
  }
}