{
  "parent": "rpp:cutting/woodcutting/root",
  "criteria": {
    "has_mangrove_wood":{
      "trigger": "minecraft:inventory_changed",
      "conditions": {
        "items": [
          {
            "items": [
              "minecraft:mangrove_wood"
            ]
          }
        ]
      }
    },
    "has_the_recipe":{
      "trigger": "minecraft:recipe_unlocked",
      "conditions": {
        "recipe": "rpp:cutting/woodcutting/log/mangrove/stripping/stripped_mangrove_wood_from_cutting_mangrove_wood"
      }
    }
  },
  "requirements": [
    [
      "has_mangrove_wood",
      "has_the_recipe"
    ]
  ],
  "rewards": {
    "recipes": [
      "rpp:cutting/woodcutting/log/mangrove/stripping/stripped_mangrove_wood_from_cutting_mangrove_wood"
    ]
  }
}