{
  "parent": "rpp:condensation/simplification/root",
  "criteria": {
    "has_bone": {
      "trigger": "minecraft:inventory_changed",
      "conditions": {
        "items": [
          {
            "items": [
              "minecraft:bone"
            ]
          }
        ]
      }
    },
    "has_the_recipe": {
      "trigger": "minecraft:recipe_unlocked",
      "conditions": {
        "recipe": "rpp:condensation/simplification/bone_block_from_bone"
      }
    }
  },
  "requirements": [
    [
      "has_bone",
      "has_the_recipe"
    ]
  ],
  "rewards": {
    "recipes": [
      "rpp:condensation/simplification/bone_block_from_bone"
    ]
  }
}