{
  "//": "为1.19.2-添加,将它置于与官方相同的路径可以避免在1.19.3+使用时出现两个一样的进度",
  "parent": "minecraft:recipes/root",
  "criteria": {
    "has_string": {
      "conditions": {
        "items": [
          {
            "items": [
              "minecraft:string"
            ]
          }
        ]
      },
      "trigger": "minecraft:inventory_changed"
    },
    "has_the_recipe": {
      "conditions": {
        "recipe": "minecraft:bundle"
      },
      "trigger": "minecraft:recipe_unlocked"
    }
  },
  "requirements": [
    [
      "has_string",
      "has_the_recipe"
    ]
  ],
  "rewards": {
    "recipes": [
      "minecraft:bundle"
    ]
  }
}