{
  "parent": "rpp:condensation/conversion/root",
  "criteria": {
    "has_soul_torch":{
      "trigger": "minecraft:inventory_changed",
      "conditions": {
        "items": [
          {
            "items": [
              "minecraft:soul_torch"
            ]
          }
        ]
      }
    },
    "has_the_recipe":{
      "trigger": "minecraft:recipe_unlocked",
      "conditions": {
        "recipe": "rpp:condensation/conversion/soul_and_not_soul/torch_and_soul_torch/torch_from_soul_torch"
      }
    }
  },
  "requirements": [
    [
      "has_soul_torch",
      "has_the_recipe"
    ]
  ],
  "rewards": {
    "recipes": [
      "rpp:condensation/conversion/soul_and_not_soul/torch_and_soul_torch/torch_from_soul_torch"
    ]
  }
}