{
  "parent": "rpp:cutting/woodcutting/root",
  "criteria": {
    "has_spruce_log":{
      "trigger": "minecraft:inventory_changed",
      "conditions": {
        "items": [
          {
            "tag": "minecraft:spruce_logs"
          }
        ]
      }
    },
    "has_the_recipe":{
      "trigger": "minecraft:recipe_unlocked",
      "conditions": {
        "recipe": "rpp:cutting/woodcutting/log/spruce/from_log/spruce_slab_from_cutting_spruce_log"
      }
    }
  },
  "requirements": [
    [
      "has_spruce_log",
      "has_the_recipe"
    ]
  ],
  "rewards": {
    "recipes": [
      "rpp:cutting/woodcutting/log/spruce/from_log/spruce_slab_from_cutting_spruce_log"
    ]
  }
}