{
  "parent": "minecraft:recipes/root",
  "criteria": {
    "has_terracotta": {
      "conditions": {
        "items": [
          {
            "tag": "minecraft:terracotta"
          }
        ]
      },
      "trigger": "minecraft:inventory_changed"
    },
    "has_the_recipe": {
      "conditions": {
        "recipe": "minecraft:orange_terracotta"
      },
      "trigger": "minecraft:recipe_unlocked"
    }
  },
  "requirements": [
    [
      "has_terracotta",
      "has_the_recipe"
    ]
  ],
  "rewards": {
    "recipes": [
      "minecraft:orange_terracotta"
    ]
  }
}