{
  "parent": "rpp:cutting/woodcutting/root",
  "criteria": {
    "has_birch_log":{
      "trigger": "minecraft:inventory_changed",
      "conditions": {
        "items": [
          {
            "items": [
              "minecraft:birch_log"
            ]
          }
        ]
      }
    },
    "has_the_recipe":{
      "trigger": "minecraft:recipe_unlocked",
      "conditions": {
        "recipe": "rpp:cutting/woodcutting/log/birch/stripping/stripped_birch_log_from_cutting_birch_log"
      }
    }
  },
  "requirements": [
    [
      "has_birch_log",
      "has_the_recipe"
    ]
  ],
  "rewards": {
    "recipes": [
      "rpp:cutting/woodcutting/log/birch/stripping/stripped_birch_log_from_cutting_birch_log"
    ]
  }
}