{
  "parent": "rpp:cutting/woodcutting/root",
  "criteria": {
    "has_acacia_wood":{
      "trigger": "minecraft:inventory_changed",
      "conditions": {
        "items": [
          {
            "items": [
              "minecraft:acacia_wood"
            ]
          }
        ]
      }
    },
    "has_the_recipe":{
      "trigger": "minecraft:recipe_unlocked",
      "conditions": {
        "recipe": "rpp:cutting/woodcutting/log/acacia/stripping/stripped_acacia_wood_from_cutting_acacia_wood"
      }
    }
  },
  "requirements": [
    [
      "has_acacia_wood",
      "has_the_recipe"
    ]
  ],
  "rewards": {
    "recipes": [
      "rpp:cutting/woodcutting/log/acacia/stripping/stripped_acacia_wood_from_cutting_acacia_wood"
    ]
  }
}