{
  "parent": "rpp:cutting/cut_down/root",
  "criteria": {
    "has_cobweb": {
      "trigger": "minecraft:inventory_changed",
      "conditions": {
        "items": [
          {
            "items": [
              "minecraft:cobweb"
            ]
          }
        ]
      }
    },
    "has_the_recipe": {
      "trigger": "minecraft:recipe_unlocked",
      "conditions": {
        "recipe": "rpp:condensation/conversion/break_down/string_from_cobweb"
      }
    }
  },
  "requirements": [
    [
      "has_cobweb",
      "has_the_recipe"
    ]
  ],
  "rewards": {
    "recipes": [
      "rpp:condensation/conversion/break_down/string_from_cobweb"
    ]
  }
}