{
  "parent": "rpp:condensation/conversion/root",
  "criteria": {
    "has_soul_campfire":{
      "trigger": "minecraft:inventory_changed",
      "conditions": {
        "items": [
          {
            "items": [
              "minecraft:soul_campfire"
            ]
          }
        ]
      }
    },
    "has_the_recipe":{
      "trigger": "minecraft:recipe_unlocked",
      "conditions": {
        "recipe": "rpp:condensation/conversion/soul_and_not_soul/campfire_and_soul_campfire/campfire_from_soul_campfire"
      }
    }
  },
  "requirements": [
    [
      "has_soul_campfire",
      "has_the_recipe"
    ]
  ],
  "rewards": {
    "recipes": [
      "rpp:condensation/conversion/soul_and_not_soul/campfire_and_soul_campfire/campfire_from_soul_campfire"
    ]
  }
}