{
  "parent": "rpp:condensation/conversion/root",
  "criteria": {
    "has_prismarine":{
      "trigger": "minecraft:inventory_changed",
      "conditions": {
        "items": [
          {
            "items": [
              "minecraft:prismarine"
            ]
          }
        ]
      }
    },
    "has_the_recipe":{
      "trigger": "minecraft:recipe_unlocked",
      "conditions": {
        "recipe": "rpp:condensation/conversion/from_prismarine/prismarine_bricks_from_prismarine"
      }
    }
  },
  "requirements": [
    [
      "has_prismarine",
      "has_the_recipe"
    ]
  ],
  "rewards": {
    "recipes": [
      "rpp:condensation/conversion/from_prismarine/prismarine_bricks_from_prismarine"
    ]
  }
}