{
  "parent": "rpp:cutting/cut_down/root",
  "criteria": {
    "has_netherite_ingot":{
      "trigger": "minecraft:inventory_changed",
      "conditions": {
        "items": [
          {
            "items": [
              "minecraft:netherite_ingot"
            ]
          }
        ]
      }
    },
    "has_the_recipe":{
      "trigger": "minecraft:recipe_unlocked",
      "conditions": {
        "recipe": "rpp:cutting/cut_down/mineral/netherite_scrap_from_cutting_netherite_ingot"
      }
    }
  },
  "requirements": [
    [
      "has_netherite_ingot",
      "has_the_recipe"
    ]
  ],
  "rewards": {
    "recipes": [
      "rpp:cutting/cut_down/mineral/netherite_scrap_from_cutting_netherite_ingot"
    ]
  }
}