{
  "parent": "rpp:condensation/conversion/root",
  "criteria": {
    "has_sticky_piston":{
      "trigger": "minecraft:inventory_changed",
      "conditions": {
        "items": [
          {
            "items": [
              "minecraft:sticky_piston"
            ]
          }
        ]
      }
    },
    "has_the_recipe":{
      "trigger": "minecraft:recipe_unlocked",
      "conditions": {
        "recipe": "rpp:condensation/conversion/redstone_component/piston_from_washing"
      }
    }
  },
  "requirements": [
    [
      "has_sticky_piston",
      "has_the_recipe"
    ]
  ],
  "rewards": {
    "recipes": [
      "rpp:condensation/conversion/redstone_component/piston_from_washing"
    ]
  }
}