{
  "parent": "rpp:cutting/woodcutting/root",
  "criteria": {
    "has_warped_planks":{
      "trigger": "minecraft:inventory_changed",
      "conditions": {
        "items": [
          {
            "items": [
              "minecraft:warped_planks"
            ]
          }
        ]
      }
    },
    "has_the_recipe":{
      "trigger": "minecraft:recipe_unlocked",
      "conditions": {
        "recipe": "rpp:cutting/woodcutting/stem/warped/from_planks/warped_slab_from_cutting_warped_placks"
      }
    }
  },
  "requirements": [
    [
      "has_warped_planks",
      "has_the_recipe"
    ]
  ],
  "rewards": {
    "recipes": [
      "rpp:cutting/woodcutting/stem/warped/from_planks/warped_slab_from_cutting_warped_placks"
    ]
  }
}