{
  "parent": "rpp:cutting/root",
  "criteria": {
    "has_nether_bricks":{
      "trigger": "minecraft:inventory_changed",
      "conditions": {
        "items": [
          {
            "items": [
              "minecraft:nether_bricks"
            ]
          }
        ]
      }
    },
    "has_the_recipe":{
      "trigger": "minecraft:recipe_unlocked",
      "conditions": {
        "recipe": "rpp:cutting/nether_brick_fence_from_cutting_nether_bricks"
      }
    }
  },
  "requirements": [
    [
      "has_nether_bricks",
      "has_the_recipe"
    ]
  ],
  "rewards": {
    "recipes": [
      "rpp:cutting/nether_brick_fence_from_cutting_nether_bricks"
    ]
  }
}